<?xml version="1.0" encoding="UTF-8"?>
<project-private xmlns="http://www.netbeans.org/ns/project-private/1">
    <editor-bookmarks xmlns="http://www.netbeans.org/ns/editor-bookmarks/2" lastBookmarkId="0"/>
    <open-files xmlns="http://www.netbeans.org/ns/projectui-open-files/2">
        <group>
            <file>file:/E:/Java/NetWork_netbean/FoodOrder/src/Form/ShowProduct.java</file>
            <file>file:/E:/Java/NetWork_netbean/FoodOrder/src/Entity/BuyProduct.java</file>
            <file>file:/E:/Java/NetWork_netbean/FoodOrder/src/Server/OrderHandle.java</file>
            <file>file:/E:/Java/NetWork_netbean/FoodOrder/src/Form/Congrats.java</file>
            <file>file:/E:/Java/NetWork_netbean/FoodOrder/src/Server/UserHandle.java</file>
            <file>file:/E:/Java/NetWork_netbean/FoodOrder/src/Handler/OrderHandler.java</file>
            <file>file:/E:/Java/NetWork_netbean/FoodOrder/src/Server/Server.java</file>
            <file>file:/E:/Java/NetWork_netbean/FoodOrder/src/Form/PaymentByCard.java</file>
            <file>file:/E:/Java/NetWork_netbean/FoodOrder/src/Handler/FoodOrderHandler.java</file>
            <file>file:/E:/Java/NetWork_netbean/FoodOrder/src/Picture/newpng.png</file>
            <file>file:/E:/Java/NetWork_netbean/FoodOrder/src/Handler/UserHandler.java</file>
            <file>file:/E:/Java/NetWork_netbean/FoodOrder/src/Server/OrderHandler.java</file>
            <file>file:/E:/Java/NetWork_netbean/FoodOrder/src/Form/Login.java</file>
            <file>file:/E:/Java/NetWork_netbean/FoodOrder/src/Form/Admin.java</file>
            <file>file:/E:/Java/NetWork_netbean/FoodOrder/src/Client/SocketFunction.java</file>
            <file>file:/E:/Java/NetWork_netbean/FoodOrder/src/Server/FormatData.java</file>
            <file>file:/E:/Java/NetWork_netbean/FoodOrder/src/Handler/FoodHandler.java</file>
            <file>file:/E:/Java/NetWork_netbean/FoodOrder/src/Client/testSocket.java</file>
        </group>
    </open-files>
</project-private>
